{"cameraMode":{"drawMode":0,"name":"Shaded","section":"Shading Mode"},"sceneLighting":false,"audioPlay":false,"sceneViewState":{"m_AlwaysRefresh":false,"showFog":true,"showSkybox":false,"showFlares":true,"showImageEffects":true,"showParticleSystems":true,"showVisualEffectGraphs":true,"m_FxEnabled":true},"in2DMode":false,"pivot":{"x":2.7021515369415285,"y":0.34141379594802859,"z":1.2147884368896485},"rotation":{"x":-0.15259145200252534,"y":0.45411622524261477,"z":-0.07926949113607407,"w":-0.8742038011550903},"size":0.49266037344932558,"orthographic":false}