{"cameraMode":{"drawMode":0,"name":"Shaded","section":"Shading Mode"},"sceneLighting":false,"audioPlay":false,"sceneViewState":{"m_AlwaysRefresh":false,"showFog":true,"showSkybox":false,"showFlares":true,"showImageEffects":true,"showParticleSystems":true,"showVisualEffectGraphs":true,"m_FxEnabled":true},"in2DMode":false,"pivot":{"x":-1.7109253406524659,"y":-56.29236602783203,"z":-5.102102279663086},"rotation":{"x":0.0003164896334055811,"y":-0.8536708354949951,"z":0.5208204388618469,"w":0.0005175066762603819},"size":1.7660253047943116,"orthographic":false}